username,tanggal,review,Label
Zulfan Gaming,10/05/2023,Karena Udaranya yang sangat bersih di bromo,positif
Estri Purnami,09/05/2023,Naik jeep dini hari demi melihat sunrise,positif
Rangga Lawe,09/05/2023,Seru banget liburan ke sini meskipun udah ber kali kali tetep aja seru,positif
Anak Rumah,08/05/2023,Gunung ini sangat cantik dan indah bagi para pecinta alam...very special,positif
Cecilia Susana De Ponte Aguiar,07/05/2023,Pengalaman luar biasa melebihi harapan apa pun .. dan imajinasi apa pun,positif
Sri Asih,06/05/2023,"Masyaallah indahnya, puas, terpana, ok mantap",positif
Kelana Pulau,05/05/2023,"Meskipun tergolong mainstream dan sudah ramai dikunjungi, namun Bromo hampir tidak pernah mengecewakan. Lindungi pernapasan ketika mendaki dan disarankan untuk tidak berlama-lama di area kawah sebab bau belerang cukup menyengat.",positif
Miguel OcaÃ±a,04/05/2023,"Pengalamannya luar biasa, naik ke viewpoint di malam hari untuk melihat matahari terbit, bangun pagi, lalu turun dengan mobil ke pangkalan dan memulai pendak â€¦",positif
Mas Dedy Ary,04/05/2023,Sejuk,positif
Yunia Ardina Safitri,04/05/2023,"Seneng banget akhirnya bisa naik sampe puncak Bromo walaupun tidak mengelilingi kawah Bromo
Awalnya takut karna phobia tinggi, tapi ketakutan dan rasa capeknya itu â€¦",positif
Amin Suryo,04/05/2023,Ingin ke Bromo Tengger lagi,positif
AW Muhammad,27/04/2023,"Tempat healing daerah jawa timur perlu dicoba...
Keindahan alamnya sangat luar biasa..
Orang orangnya ramah...",positif
Evy Yuliana,27/04/2023,Pemandangan yg indah..  orangÂ²  disekitar sangat ramah.,positif
Indra Ari,27/04/2023,Bagus,positif
Lenny Aricha,27/04/2023,"Pemandangan yg menakjubkan.....alhamdulilah diberikan kesempatan untuk melihat langsing keindahan ciptaan Nya.
Smg kita bs sll terjaga keindahan dan kebersihannya...",positif
Ardi Ardyanz,20/04/2023,"Wisata kesini harus punya uang banyak....
Masuk nya mahal biaya sewa mobil mahal... â€¦",negatif
My love c,20/04/2023,2017 Pernah Ke Gn Bromo Tempatnya Enak Bersih,positif
Suwandi Tan,20/04/2023,Udara sejuk dan pemandangan yang sangat i â€¦,positif
rizky wahyu haqiqi (qreation),20/04/2023,tempat terbaik yang pernah saya kunjungi,positif
andre Simamora,20/04/2023,Bagus gunung Bromo,positif
Kenny Lambert,20/04/2023,"Gunung Bromo terkenal sebagai objek wisata utama di Jawa Timur. Sebagai sebuah objek wisata, Bromo menjadi menarik karenaÂ statusnya sebagai gunung berapi yang masih aktif. Gunung Bromo termasuk dalam kawasan Taman Nasional Bromo Tengger â€¦",positif
Nendi Mulyadi,13/04/2023,"Tempat wisata yg paling indah
Sejuk alam nya
Ramah ramah penduduknya",positif
Nathalie B,13/04/2023,"Luhur. untuk melihat. Pendakian ke gunung berapi itu mudah, pertunjukannya luar biasa di tepi â€¦",positif
Team Sultan,13/04/2023,spot view sunrise paling ok.,positif
muhammadrestu gen's,13/04/2023,keren,positif
MOH AGUSTIN_X1 APH2,13/04/2023,Enak,positif
à¸•à¸²à¸¡à¸ªà¹„à¸•à¸¥à¹Œ JaiSabai,13/04/2023,"Pukul 04.00 di titik pandang matahari terbit, terjadi banyak hujan dan kabut. Rindu melihat matahari terbit Namun dia tidak menahan diri untuk tidak mencoba melihat ke depan hingga kabut menghilang.Hampir jam 9 pagi, langit kembali â€¦",negatif
Fariz Abdurahman Fakhri,11/04/2023,bagus & indah,positif
Muhammad Aldino,11/04/2023,Pertama kali saya ke Gunung Bromo saat saya masih kecil untuk pergi berlibur bersama keluarga. Saat itu saya baru menyadari kalau Ibu saya ternyata bisa menaiki kuda dan memboncengi saya yang masih kecil. â€¦,positif
Imron Ayubi (Yubi),11/04/2023,"Beberapa kali ke bromo, tempatnya masih tetap menyenangkan.
Dingin nya ruar biasa. Perjalanan malam hari, naik motor.",positif
yus p,11/04/2023,Wisata Alam kita bisa melihat sun rise,positif
Afek sari istanto,11/04/2023,Tempat pertama yg saya kunjungi. Tempat wisata ini amazing gaes.,positif
Adhi Kautsar97,11/04/2023,"Hati hati dengan bau belerang disekitar kawah Bromo, tetap memakai masker",negatif
Keyla Meaza,11/04/2023,Ini tempat bgs bgttt,positif
Sri Mulyani,11/04/2023,Pemandangan yg sangat indah. Seperti lukisan,positif
Brandal Berdasi,11/04/2023,"Tidak ada kata bosan jika berkunjung ke Bromo,, karena keindahannya yg sangat menakjubkan yg di ciptakan oleh sang pencipta..",positif
Thamrin Schulz,11/04/2023,"Saya bergidik ketika mengingat kunjungan pertama saya ketika saya masih muda, menaiki tangga ke tepi kawah bersama ayah saya. Malam itu gelap gulita dan angin meniupkan asap belerang ke wajah kami, membuatku merasa tercekik. Kali ini, p â€¦",negatif
Joko Prasetyo,11/04/2023,Sungguh indah & menakjubkan,positif
Karnael Elisandria,11/04/2023,Gunung Bromo keren banget,positif
Lismardiana,11/04/2023,"Sayangnya sudah terlalu sore kesini,jadi tidak naik ke atas",negatif
Andy Bro,11/04/2023,100% Gw Jatuh Cinta,positif
Rida Nurrohmah Dwi Putri,11/04/2023,Indah bgttt! Recomended for comeback!!,positif
Asep Rosdiana,11/04/2023,Bagus banget,positif
Ahmad Muttaqin,11/04/2023,"Ada tiga tipe letusan gunung berapi. Strato, perisai, dan maar. Tipe letusan Gunung Bromo adalah letusan maar, sesuatu yang sangat jarang terjadi di Kepulauan Indonesia. Saya memandang Gunung Bromo berlama-lama tidak juga jengah. Salah satu bukti kekuasaan Yang Maha Indah.",positif
Ronny Schuh,11/04/2023,Unik...,positif
Imanu Dprasetya,11/04/2023,Keren....,positif
Irfan Haris,11/04/2023,"Pemandangannya sangat indah, parkiran jeep terletak agak jauh dari tempat mendaki, untuk menuju gunung bromo dari parkiran jeep sekitar 1 jam, ada juga yang menyewakan kuda agar tidak terlalu capek saat akan mendaki menuju kawah, jalan menuju ke kawah banyak tersedia warung dan tempat untuk istirahat",positif
Onez,11/04/2023,Sensasi alamnya penuh pesona memanjakan mata dan tak ingin lepas dari cengkeraman dinginnya angin pegunungan. The best lah viewnya ğŸ˜ğŸ˜ â€¦,positif
hendri mulyadi,11/04/2023,Gunung Bromo ini sangat istimewa sekali,positif
yudha satya,11/04/2023,"Sudah 2x pergi ke gunung Bromo pertama kalinya tahun 2014 akhir dengan teman kuliah, naik motor bawa baju seadanya berangkat malam ingin lihat sunset sampai pagi tidak menginap Rasanya badan capek semua, yang kedua kali tahun 2022 dengan â€¦",positif
Ade Mulyana Rosyadi,11/04/2023,"Buat para traveling banyak obyek wisata yg bagus di sekitar Obyek wisata Bromo..
Top pokoknya",positif
Yudi Andi Prasetyo,11/04/2023,Terlalu indah untuk di jelajahi,positif
Creator Artdani,11/04/2023,Jangan lupa bawa jaket yang tebal bagi yang tidak kuat hawa dingin dan terpaan angin gunung,negatif
Marjuki,11/04/2023,Tempat yang istimewa walaupun harus merogoh kocek lebih karena harus sewa jep.. kalaupun pakai motor disarankan pas musih hujan agar motor bisa berjalan di lautan pasir,negatif
gusti maulana,11/04/2023,Gunung terindah yang ada di jawa timur tepatnya di kabupaten probolinggo,positif
Shafa Respati,11/04/2023,"pengalaman kesini seruuu, jangan lupa perlengkapan obat obatan, harus dengan badan yang vit. apalagi naik jeep",positif
yuni w2w,11/04/2023,Seru sekali tetapi tidak sedingin dibanding saat pertama kesana,positif
Seungjoon Park (ë°•ìŠ¹ì¤€),11/04/2023,"Tempat yang harus Anda kunjungi sebelum Anda mati.
Matahar â€¦",positif
Al Ihsan A. Firdaus,11/04/2023,Keren banget viewnya,positif
Aqsa Rigianto,11/04/2023,Pemandangan yang keren.. Salah satu destinasi wisata terbaik di indonesia.. Banyak warung jajanan sambil menunggu sunset,positif
Orea Photo,12/03/2023,Bagus nih buat prewed. Apalagi orang Surabaya yang mau healing. Salam buat mas Sandy dengan mobil jeep biru nya. Hahahaha,positif
Vutra Plaju,12/03/2023,Asik apa lgi naik jam 5 subuh dpt sunrise,positif
Hobbyist Keepers,12/03/2023,SAVANA GUNUNG BROMO TIDAK PERNAH MENGECEWAKAN HEHE,positif
AGHA MOTOR,12/03/2023,Kurang beruntung pass hujan deras,negatif
MKurnia,12/03/2023,"Gunung Bromo terkenal sebagai objek wisata utama di Jawa Timur. Sebagai sebuah objek wisata, Bromo menjadi menarik karena statusnya sebagai gunung berapi yang masih aktif. Gunung Bromo termasuk dalam kawasan Taman Nasional Bromo Tengger â€¦",positif
Tiar Muslim,12/03/2023,"Pertama kali ke bromo bareng temen make motor berempat. Pemandangannya indah banget, apalagi pas liat matahari terbitnya beuh nagih. Kalau mau kesini lebih baik otw jam 3 an agar sampai ketempatnya pas shubuh. Anda akan disuguhkan â€¦",positif
busri kabul,12/03/2023,Padahal sering ke Bromo.tapi gk ada bosenÂ² ny@ ğŸ‘ğŸ¤£ğŸ‘ â€¦,positif
ahyar munif,12/03/2023,Ya view-nya bagus,positif
Ronald Rao,12/03/2023,Dinginnya mmg bener2 nusuk...ğŸ˜‚ â€¦,negatif
Dexter Dexter,12/03/2023,"Klw kalian ada niat ke bromo pakelah mbl jeep yg sdh disediakan jangan pke mobil pribadi, Bahaya",negatif
Winarto Minthuk,12/03/2023,Pas buat treveling,positif
Bq Shree,12/03/2023,Pokoknya gk rugi klo liburan ke sini ğŸ‘ â€¦,positif
Vanny,12/03/2023,Semua lelah terbayarkan ketika melihat sunrise dari puncak Bromo,positif
Ika Febriana Syafitri,12/03/2023,Bagus,positif
YohanSyah Martin,12/03/2023,"terlalu banyak pemalak, ini tempat wisata atau tempat sarang preman? sebelum pos pembelian tiket sering berhentikan dan di mintai uang oleh warga yang mengaku uang tersebut untuk akses lewat jalan tersebut. â€¦",negatif
Eman Sulaeman,12/03/2023,alam Tadabur. Maha Kuasa dengan segala ciptaan-Nya,positif
Arif Virgo,12/03/2023,Terlalu indah untuk dijelaskan dengan kata2 intinya isthe best Bromo,positif
Sensei hasan basri,12/03/2023,"Masyallah subhanallah sungguh indah ciptaan Mu Tuhan, puji Tuhan.

Experience saat di Bromo ini sangat mengesankan banget 21 Januari 2023 bersama â€¦",positif
Willy Frederik Tambayong,12/03/2023,mengagumkan dan gak bosen-bosen meski udah perna kesini,positif
Suher ojek,12/03/2023,2017 yang lalu semoga tahun ini bisa kesini lagi,positif
Umaha Maha,12/03/2023,"gunung bromo nya bagus
tapi sayang, penjaga loket masuk poss yg lewat dari tumpang minta uang lebih per orang 7500x10 orang sdh 75rb â€¦",positif
Huwaida Jasmine,12/03/2023,"Alhamdulillah kesini sekitaran desember thn 2019 an pas nataru, cuacanya lagi ueennaaak polll, anginnya ga dingin dingin bgt sekitaran 14-16 derajat aja, oiya klo mau ke sini usahain lagi vit ya, perut juga harus bisa kerja sama, soalnya di â€¦",positif
Harun Merdeka,12/03/2023,Memuaskan,positif
Danur Bendo,12/03/2023,Pengalaman yg sngat indah bisa berkunjung ke sini... Sungguh besar kuasa Allah SWT,positif
andre muharam,12/03/2023,Emng paling enak untuk healing dikitÂ²,positif
firda firgi,12/03/2023,Bagus banget guys all about Bromo gabakal ngecewain indah bgt dilihat dr sisi manapun,positif
pastell holik,12/03/2023,Pengalaman berangkat dari rumah jam 12 malam sampai puncak bersamaan dengan matahari terbit dan bisa bersantai disana,positif
maskhan jane,12/03/2023,Cukup menyenang wisata di bromo,positif
mohmmad junaedi,12/03/2023,Seruuu,positif
anis nurhayati,12/03/2023,"Bromo, gunung aktif di jawa Timur. Wow wajib mampir ke sini buat liat sunrise. Subhanalloh banget. Naik jeep seru sih, foto2 sama orang terdekat dan menikmati minuman dan makanan hangat. Rate harga open trip 250-300k, naik kuda 160k",positif
L Rachma,12/03/2023,"Pemandangan yang indah , maha besar Allah atas segala penciptaan nya",positif
Aam Amalia,12/03/2023,Berkesan banget ke bromo bersama teman2. Saya kesana Januari 2019 ( sblm covid-19),positif
Fajar Raflianto,10/02/2023,Tempat yang harus banget dikunjungi,positif
Rendika putra,10/02/2023,"Kerennn,lebih bagus di liat langsung daripada lewat tv",positif
Ciaa Alexa,10/02/2023,"Wisata Alam yang keren.
Jam 01.40 dijemput ma travel bromo.untuk lihat sun rise. Naik puncak Naik 1.000 tangga. Setiap masuk toilet Rp 5.000 saran bawa uang kecil banyak. â€¦",positif
Hary Hong,10/02/2023,"pemandangan yang luar biasa, terutama sunrise nya, namun jalannya banyak belokâ€, buat yg mudah mabuk, sebaiknya bawa obat mabuk. untuk suhu udaranya jg sangat dingin, saran bawa jaket yg tebal, sarung tangan, dan topi. terakhir saya ke sana suhu sekitar 12-13Â°C.",positif
Hamis daud,10/02/2023,"Mkasih bos infonya, kpn2 kita jumpa disana. ğŸ‘ğŸ¿ğŸ‘ğŸ¿ğŸ‘ğŸ¿ğŸ‘ğŸ¿ğŸ‘ğŸ¿ â€¦",positif
Khamim Hamzah,10/02/2023,"Seru,.... untuk perjalanan melelahkan terbayar dengan keindahan.",positif
Nur Nisa,10/02/2023,SatuÂ²nya tempat wisata yg sangat bagus dijawatimur,positif
Umainah Abdat,10/02/2023,"Pengalaman yg seru pergi ke bromo. Nginep di hotel bromo permai, nyewa jeep dri situ, 600rb. Tidak terikat waktu, jalan dri hotel pakai jeep, balik ke hotel pun pakai jeep jg. Di bromo pada 5 januari. Cuaca nya sangat dingin. 13 derajat â€¦",positif
Bharata Yudha,10/02/2023,keindahan alam yang tidak bisa di ungkapkan dan tidak perlu untuk di ungkapkan < karena hanya Mata memandang & rasa Bersukur yang bisa Menggambarkanya .,positif
Ali Ahmad,10/02/2023,Udara sejuk kopi sepesial,positif
Lik Parjo,10/02/2023,bagus,positif
Setiono Mamik,10/02/2023,Tempat yang wajib dikunjungi jika je Jawa Timur,positif
clairine loekito,10/02/2023,"Bagus viewnya, bs lihat sunrise kalau beruntung",positif
Muhammad arwani,10/02/2023,Subhanallah.... semoga Allah suci â€¦,positif
srzeein channel,10/02/2023,banyak oknum suka narik tarif ga wajar â˜ºï¸,negatif
Syahrizal Hasan,10/02/2023,Melihat kebesaran dan ke Agungan Allah swt. ..Ust.Arsyad.  Ust.Ridho. H.Muhammad Gozali Iskandar  . H.Syahrijal Hasan.  Ust.Muhammad Arwani.   Medan  Madani Markaz,positif
ike krisna,10/02/2023,Keren,positif
Guy Dangla,10/02/2023,Tempat yang harus dikunjungi jika Anda berada â€¦,positif
Amel Pro,10/02/2023,Kereeeennnn,positif
Uncle Din,10/02/2023,"Males duit mulu, berasa di palak dirumah sendiri. Lagipula Tuhan yang menciptakan tapi dijadikan ladang bisnis oleh para oknum ğŸ‘ â€¦",negatif
Andre Fauzan,10/02/2023,Sayang pas datang kabut lagi tebel,negatif
oiya broo,10/02/2023,bagus,positif
Adam Mathori,10/02/2023,Indah,positif
fitrah ajah,10/02/2023,"Enak banged kesana musim Ujan
Ga becek dan ga berdebu ğŸ‘ğŸ‘ â€¦",positif
Hamdan Maher,10/02/2023,Asyik indah bnget menacubkan,positif
Eva Nianti,10/02/2023,Mempesona,positif
Novi Lekwandi,10/02/2023,"Ke bromo sebaiknya jangan pas musim hujan, banyak view yg nggak bisa dinikmati : sunrise, kawah, langit biru dst",negatif
Isti Qomah,10/02/2023,Baguss sekalii masyaallah,positif
Abdurrohman Rifai,10/02/2023,"Saya kesini pada tanggal 23/12/22 untuk tempatnya bagus tetapi masih ada pemilik kuda yang arrogant dan seenaknya sendiri.
Saran saya ketika berkunjung kesini diwaktu musim panas agar terlihat indahnya ciptaan sang maha kuasa",positif
Ridho Faktur Rohman,10/02/2023,"pertama smga bisa ksni lagi
Jauh"" terbayar sudah dengan ke indahan bromo",positif
ate furian,10/02/2023,Salah satu Gunung terbaik untuk menyaksikan Matahari terbit.,positif
ØµØ§Ù„Ø­ Ø§Ù„Ù†Ù…Ù„Ø©,10/02/2023,Puji Tuhan,positif
BUFF TRAVELER,10/02/2023,"Salah satu pariwisata unggulan, di Jawa Timur bahkan Indonesia, pengunjung lokal dan mancanegara ikut meramaikan, pemandangan beautiful mantul domm masyaallah",positif
arief kurniawan,10/02/2023,"Pengelolalnya kurang profesional, padahal tempat begitu indah",negatif
Muhammad Fahmi,10/02/2023,"Wisata bromo adalah tempat yang sangat bagus nan elok di kunjungi karna sangat indah dan suasananya yang dingin yang mungkin belum ada tempat yang seperti tempat ini, sangat rekomendasi bagi yang ingin menikmati keindahan alamğŸ˜…ğŸ™ â€¦",positif
Momy Brian,10/02/2023,Gunung terkeren,positif
Amzar_ Sakh,10/02/2023,"Healing ke bromo naik jeep harga terjangkau tempat seperti kita berada di surga dunia, kata kata hanya pemanis. Tapi kamu manis seperti gula. Just kidding
Nikmati suasana alam yang subhanallah banget di bromo",positif
Khalila Malika,10/02/2023,"Waw tempatnya, seru banget nyaman juga fasilitasnya banyak dan tersedia selalu, dinginn tapi menyenangkan, banyak tempat spot foto yg menarik suka sekali sama wisata yang satu ini apalagi saat sunset nyw itu juga baguss bangett",positif
Kang Danny Creator,10/02/2023,Tempat yang keren,positif
Chandra Kurniawan,10/02/2023,"Finally bisa ramean kesini bareng temen-temen, seru banget trip kemarin! Next time semoga bisa kesini lagi",positif
Nirkuning,10/02/2023,"Dikirimin foto dan video sama teman, berharap suatu saat nanti bisa kesana bareng keluarga â™¥ï¸ğŸ‰ â€¦",positif
ADHAN BUGAWOH,10/02/2023,"Kecewa sama jasa sewa kudanya saya dapat perlakuan body shaming, mulai dari mau naik sampai diperjalanan pun hampir semua tukang kuda mengejek dengan bahasa2 lokal atau bahasa2 istilah, sungguh jadi pengalaman tidak menyenangkan ğŸ‘, yang â€¦",negatif
Uswatun Hasanah,11/01/2023,"Indah bngt si emang pemandangan di bromo, tp jurangnya wow dlm dlm bngt",positif
Dono Pri,11/01/2023,"Bagus dan unik, ada hamparan pasir dan di atasnya gunung kawah Bromo dan gunung batok. Ada gunung Penanjakan di sebelahnya",positif
Edy Purnomo,11/01/2023,cantik bgt,positif
Gabriele Nonpenso,11/01/2023,"Pengalaman luar biasa. Saya sangat merekomendasikan pakaian ala Cortina untuk Natal, karena dinginnya menunggu fajar benar-benar menggigit. Tapi, percayalah, itu adalah salah satu pengalaman yang tidak bisa dilewat â€¦",positif
William Juan,11/01/2023,"Gunung yang sangat bagus, begitu naik ke atas awalnya agak sesak dan kedinginan tapi setelah beberapa menit nafas rasanya lancar banget dan agak sedikit hangat",positif
Aziz Shidqul,11/01/2023,"Jalanannya ekstrem. Harap hati hati, terutama untuk sepeda motor matic",negatif
Susi Susilawati,11/01/2023,Jd pengen euy main ke gunung bromo,positif
OsteoFisius,11/01/2023,Pemandangan yang indah. 100% dire â€¦,positif
Anik Tarwiyah,11/01/2023,"Pertama kesini 2016, turing motoran ber20 tuban bromo. Alhamdulillah. Allahu Akbar. Subhanah ğŸ¥ºğŸ˜­ â€¦",positif
Linka Style,11/01/2023,"Sy pikir ga bakal bisa lihat indahnya puncak gunung karna nafas sy pendek saat dijalan tanjakan, ternyata ini terwujud karna Bromo bisa di capai menggunakan kendaraan jd dipermudah akses jalan yg bagus indah bgt pokoknya siap2 bawa jaket tebal klo kesni...",positif
Endang Suminarni Narni,11/01/2023,Keindahan alam yang tiada tara.,positif
AhNan,11/01/2023,Sangat memuaskan dengan paket wisata yang kami gunakan,positif
Redi Cahyadi,11/01/2023,"Area Bromo nih.
Asyiik berswafoto.
Mantaffff â€¦",positif
rindu listya,11/01/2023,"Kalo ke sini mending via agen travel tour lebih murah dibanding langsung datang ke lokasi, nego harga nya susah dan smakin mahal.",positif
Maharanni Rahmadinni,11/01/2023,Akhirnya bisa ke bromo jg bareng temen-temen. Seruuu banget apalagi naik ke kawah bromo.. Walopun ga tinggi banget. Tapi lumayan ya buat yang ga pernah naik gunung. Hihi â€¦,positif
doktor kaca,11/01/2023,Tempat wisata yang di desain supaya kita keluar uang sebanyak banyaknya.sekali kesana nggak pingin lagi.,negatif
Muhammad Fendi,11/01/2023,"Info/sewa jeep dan homestay bromo Tengger Semeru jalur malang view lebih bagus.
Hub:085706902919/082314571337",positif
Juni Ali,11/01/2023,"Masya Allah, indah sekali ciptaan-Mu.",positif
Rhylsi,11/01/2023,"beli tiketnya online yaa nanti pesan lewat hp buka link dan isi data diri seperti dan juga pembayarannya secara online transfer begitu kemarin saya berdua kena 63.000 .. cuman mau kaish tau dingin nya dingin polll, malang batu kalah â€¦",positif
Fabian N.,11/01/2023,Indah dan sangat mengesankan. Pastinya menjadi sorotan dari setiap perjalanan  â€¦,positif
Faried Rasyidy Ilyas,11/01/2023,"Subhanallah,,,, Tidak ada yang indah di dunia ini selain ciptaan ALLAH SWT.
Meskipun sdh berkali2 berkunjung k sini tp masih saja terasa ketagihan melihat ciptaanNya ğŸ‘ğŸ‘ğŸ‘ğŸ‘ğŸ‘ â€¦",positif
ArtDhan Saksono,11/01/2023,"Sayangnya aku takut ketinggihan...
Masya Alloh indahnya...",negatif
Pemuda Madinah,11/01/2023,Suasana enak banget,positif
Eka novita,11/01/2023,sangat indah tmpatx dan dingin bgt...sampai ngk ingin plng klo lg sama ayang,positif
alipgumehgumirah alip,11/01/2023,Gunung bromo sih indah kita juga bisa lihat awan secara dekat jadi ku beri bintang4 aja ya karena ada kekurangan nya,positif
Agus Supriono,11/01/2023,"Walaupun capek naik tangga ke kawah gunung Bromo , nyampe di bibir kawah capeknya lsng hilang melihat indahnya pemandangan alam di sekitarnya",positif
Muhammad sauqi Mubarok,11/01/2023,Bagus,positif
Donny Yudha,11/01/2023,Wajib dikunjunginnn ğŸ‘ğŸ‘ğŸ‘ â€¦,positif
teguh haryadi,11/01/2023,Ternyata kesini lebih murah jalan sendiri daripada ikut paket wisata hihi. Klo sudah di terminal probolinggo budget 300an cukup untuk nginap semalam + ke lokasi bromonya,negatif
Panangkas 2,11/01/2023,Gunung Bromo luar biasa perjalananya menuju puncak yang ruas jalanya kecil kiri kanan jurang bikin gemetaran bawa Trail pertama kali disana,positif
Berlan Tour & Transport Jogja,11/01/2023,"Gunung dg view paling indah di java, klw mau Explore persiapkan fisik, karena suhu dititik terendah bisa 0Â°",positif
Andi Muhammad Akbar,11/01/2023,"Pemandangan yang indah, sangat panas.",positif
Ake Widyastomo,11/01/2023,"Kunjungan anda ke kawasan Bromo Tengger Semeru belum lengkap jika belum menyaksikan keindahannya dari puncak kawah Bromo, pendakian memakan waktu sekitar 20 menit melalui rute berbatu terjal dengan panjang jalur kurang lebih 1.5 kilometer, â€¦",positif
Hidayatul Muttaqin,11/01/2023,"Datang ke bromo adalah impianku, kl ada kesempatan aku masih mau datang utk yg ke 2 kalinya. Ciptaan Allah SWT begitu indah",positif
abdul nadjib,11/01/2023,Gunung Bromo sungguh indah ...sunset di bukit KINGKONG,positif
Juan Xaverian,11/01/2023,Disarankan membeli tiket atau karcis jauh-jauh hari secara online..karena saat offline biasanya biaya yang diminta lebih besar dari harga tiket atau karcis biasanya.,positif
Asni Yati,11/01/2023,Lihat sunset.. sedia jaket sarung tangan dan syal yaaa.. karena dingiin sekaliiii...,positif
Sugheta Vanhouten,11/01/2023,"Setelah Di Padang Pasir Gerimis Melanda, Trabas Lanjut Ke Puncak Batok Sebelum Ke Bromo Namun Perjalanan Lanjut 45mnt Ke Pnck Batok",positif
Gerry,11/01/2023,"First time dateng kegunung bromo, takjub saya melihat pemandangan yang begitu indah, jadi pengen lagi",positif
ToKE,11/01/2023,Bagus pemandangannya,positif
×™×¦×—×§ ×‘×•×§×¡×¨,11/01/2023,"Pemandangan menakjubkan, â€¦",positif
Nia Dewi Nursafitri,11/01/2023,"Pemandangannya alam nya bagus banget, â¤ï¸",positif
Adnan Malay Adnan,11/01/2023,"Masya Allah, luar biasa..",positif
FERI F,11/01/2023,"Keren banget banget indahnya ciptaan Allah,, Hamil 8 bln naik jeep n orgnya baik bgt pak. Diah dijamin TOP.
Perjalanan yg terlalu manis untuk dilupakan",positif
Agung Setyawan,11/01/2023,Mantappp bgt view-nya...jeepnya mantappp...ademmm brrrrr,positif
Muhamad Rizqi Habibbullah,11/01/2023,"Banyak pilihan wisata alamnya, keren",positif
fathul25,12/12/2022,"Tempatnya bagus, dan pengen kesana lgi",positif
prima kurniawan,12/12/2022,Prewed di bromo samgat bagus,positif
Osep Miftahudin,12/12/2022,menjernihkan pikiran menjernihkan harapa â€¦,positif
Ahmad Fajar,12/12/2022,Semoga bisa tour kesana sama teman-teman sekolah ya AllahğŸ¤²ğŸ™ â€¦,positif
Avif Pathur Hidayat,12/12/2022,Tempat nya dingin banget,negatif
Wirzonmuhammad Wirzon,12/12/2022,Mantap.....,positif
Sholah Elik,12/12/2022,Mantap pol rek,positif
ilham z,12/12/2022,"Adem bangets suasana gunung yg berbeda.
Naek kuda 250rb nego",positif
Ahmad Yusuf,12/12/2022,"Untuk menikmati Sunrise yang sangat menÃ kjubkan.

Setelah pagi menikmati pasir putih dan kawah Bromo.
Mantap",positif
Radian Ade Firmansyah,12/12/2022,"Kesini sudah beberapa kali, dan selalu menarik dan ngangenin untuk datang.

Foto ini kesini dengan Gowes dari pintu masuk sampai lokasi Bromo. Bahkan kita â€¦",positif
alex giovi,12/12/2022,"indah dan menggugah, berkunjung melihat terbitnya fajar",positif
Parikesit Prasty S,12/12/2022,"Besok kesini lur, doakan semoga lancar dan selamat",positif
agus danang sriyanto,12/12/2022,"Sungguh pengalaman yang luar biasa, kali pertama melihat Kawah Gunung Bromo serta gemuruhnya lava vulkanik..Sungguh indah ciptaan-Mu Tuhan.",positif
Hairil anam,12/12/2022,Mantap dah...,positif
Desti Megasari,12/12/2022,Kerennnn seru sih waktu kesini pake trip dari lepas suntuk btw membantu banget terimakasih bapak driver yang double job jadi photografer ğŸ¥° â€¦,positif
Alvin Alvin,12/12/2022,Bagus banget,positif
zee neverz,12/12/2022,keindahan yg benar benar indah..allhamdulillah bisa ke bromo juga..terima kasih bromo,positif
Labiba Alfiyah,12/12/2022,"Suka bgt sama yang namanya pegunungan. Btw aku pecinta alam ya guys ya.. hehe.
Apalagi di bromo gatau udah berapa kali kesini karna suka bgt sama suasananya. Karena dari rumah lokasi terjangkau jadi sering kesini. Buat nenangin hati juga saya rekomendasikan kesini",positif
putri marlinda,12/12/2022,"Pemandangan terindah yang pernah mata saya tatap langsung, kebetulan perginya sendirian banget dan gak nyangka kl ke Bromo justru malah jd liburan terhappy dibanding liburan2 lainnya bersama kerabat/keluarga",positif
PIPIN SUPINAH,12/12/2022,Bagus sekali,positif
mikyong Han,12/12/2022,"Abu vulkanik diterbangkan oleh turis yang turun, dan menete â€¦",negatif
Tabita Edenia,12/12/2022,Tempat yang bagus untuk berwisata bersama sahabat ğŸ¥° â€¦,positif
Warso Wrs,12/12/2022,Mantap luar biasa. Ciptaan Allah menjulang tinggi berupa gunung.,positif
A nn,12/12/2022,"Kesana sebenernya iseng aja gada persiapan sama sekali, gasempet foto banyak krna hp lowbat tadinya buat mantengin mapsğŸ˜­, nanti ksana lagi kalo udah buka inshaAllah. â€¦",negatif
millawdh,12/12/2022,"Seperti lukisan karena indah bgttttttttt
Berangkat via tumpang, nginep di khalifa homestay plus minta bapaknya carikan jeep buat trip 1hari, fee jeep 1.500k â€¦",positif
M4S ARDY_OMPONG,12/12/2022,"Tempat yang luar biasa indahnya,kaya indahnya panorama alam yang sangat baik.",positif
vita yuanita,12/12/2022,JalanÂ²,positif
Agus Javaeast,12/12/2022,Tempat yang layak untuk dikunjungi sangat indah,positif
Muhammad Fadhil,12/12/2022,Bagus bet gilaa woyyyy,positif
Ika Miftakhul Jannah,12/12/2022,"salah satu gunung ter indah di indonesia,tp untuk tiketnya harus bayar 2x, padahal yg pertama tiket untuk ke seruni point,kalau kita cuma ke gn bromo aja kan jd rugi",positif
esti dwii,12/12/2022,"Tempat paling oke buat yang pingin liburan. Pemandangan yang sangat indah dan sangat tidak mengecewakan. Untuk biaya masuknya juga tidak terlalu mahal, sebanding dengan keindahan yang kita dapat",positif
milo,12/12/2022,Waw,positif
Risa Levia,12/12/2022,Bener-bener bagus banget pemandangannya,positif
GopanSka,12/12/2022,Tempat wisata yg rekomend untuk menyegarkan mata dan pikiran.. cocok untuk keluarga.. saran kalau mau kebromo waktu musim panas saja sekitar mei-agustus biar pemandangan tidak tertutup kabut.. kalau mau ke padang pasir disarankan sewa jeep setempat/ada penyewaan motor trill di sana..ğŸ‘ğŸ‘ â€¦,positif
shofie yah,12/12/2022,"Liat sunrise di Penanjakan,
Cantik sekali. Dengan hawa dingin 16 ğŸ˜ğŸ˜
Pengen kembali ke sana â€¦",positif
garuda wisata,12/12/2022,Spot paling menakjubkan pulau jawa,positif
Sigit Elyi,12/12/2022,Thun 2017 lalu keinget pake mobill keplater di pasirğŸ¤£ğŸ¤£ğŸ¤£ â€¦,negatif
Sa'id,12/12/2022,Bromo keren,positif
dwi Agung,12/12/2022,Sebuah keindahan ciptaan Allah Yang Maha Kuasa,positif
ahmad mulyanto,12/12/2022,Destinasi wisata yang sangat indah dan menyenangkan,positif
DÃ¡rcio Santana,12/12/2022,Tempat yang bagus untuk bertemu salah satu kekuatan alam terbesar!!! Fantastis!!,positif
Tayu Andari,12/12/2022,Minta rekomendasinya dong .. trip untuk ke bromo no wa dan instagramnya,positif
Jeri,12/12/2022,foto foto orang ko pada bagus jadi insecure mau upload kapan2 mau kesana lagi biar cari foto yg bagusğŸ˜­ğŸ˜­ â€¦,positif
Roni Anggoro,12/11/2022,"Dulu pernah ke Bromoâ€¦ seingat saya indah dan bisa jadi pengalaman menarik untuk anak2â€¦
tapi sekarang iniâ€¦ â€¦",positif
Budi Susanto,12/11/2022,Pemandangan yang bagus...udara segar...,positif
AGUS PRASETYO,12/11/2022,"Belum pernah ke sana. Pengen ceh, info Medan nya donk",positif
De BeaNara Official,12/11/2022,Sunrisenya dapet buanget...,positif
Rully Merdeka,12/11/2022,Bagus,positif
Enrico Nirwan Histanto,12/11/2022,"Love it... Melihat sun rise.... Subuh-subuh naik jeep... Gunung Bromo atau dalam bahasa Tengger dieja ""Brama"", juga disebut Kaldera Tengger, adalah sebuah gunung berapi aktif di Jawa Timur, Indonesia. Gunung ini memiliki ketinggian 2.329 â€¦",positif
Harits T,12/11/2022,"Perjalanan panjang dari kota Malang cukup terbayarkan dengan indahnya pemandangan di area gunung (seperti lautan pasir, pasir berbisik, dan padang teletubbies). â€¦",positif
Goep Oi,12/11/2022,Pemandangan nya Indah,positif
Jha Sena,12/11/2022,"Kalian bisa dapatkan paket tour Bromo bersama kami ,
More information
Google map : Malang city Guide Tour and Travel â€¦",positif
L. Rahman,12/11/2022,"; Bromo istimewa, luar biasa SubhanAllah!

Salam dari Sumenep Madura",positif
elly,12/11/2022,kalau mau melihat sunrise berangkat jam 3 pagi. menuju ke atas medannya cukup berat karena cukup jauh dan menanjak. bisa sewa kuda yg cukup mahal. disini dingin jadi pakai jaket plus topi kalau mau dan pakai sepatu. kalau tdk ada bnyk yg â€¦,negatif
Atha Abirabbah (Aba Liza),12/11/2022,Indah pemandangannya dan dinginnya seperti kutar,positif
Eko Wahyudi,12/11/2022,"Penanjakan jalanya, dan viewnya bagusğŸ˜ â€¦",positif
Adhitya Hendriyanto,12/11/2022,Dingin,positif
Angga kampang96,12/11/2022,"Bromo sangat menakjubkan bagi saya dan teman saya
Taman Nasional Bromo Tengger Semeru merupakan satu-satunya kawasan konservasi di Indonesia yang memiliki lautan pasir seluas 10 km yang disebut Tengger, tempat â€¦",positif
Hadikoh Ikoh,12/11/2022,Sangat dingin dan suara kawahnya kencang,negatif
Muhamad Amin Fauzi,12/11/2022,"Pengalaman Pertama Ke gunung bromo....
Udaranya dingin...",positif
putune hotmanparis,12/11/2022,Jika kesini disarankan memakai pakaian seperti switers/jaket yg tebal,positif
Ayu Wulandari,12/11/2022,"Dunia ini banyak tempat yang sangat indah, Bromo salah satunya.",positif
Soeliyanto Rhental Jeep Bromo,12/11/2022,Bromo wisata alam yang aman asri dan sejuta pesona,positif
PROP FAMILY,12/11/2022,Baik,positif
Adi Sugiyanto,12/11/2022,"Gk nyesel kesini, pengen kesini lagi ğŸ˜ â€¦",positif
Jhon Maitimu (Joma),12/11/2022,Tempat yang sangat menyenangkan,positif
Amin Fadhil,12/11/2022,Tidak ada kata jera ğŸ¥°ğŸ¥°ğŸ¥° â€¦,positif
Eddye Up,12/11/2022,Daftar ticket online dulu ya,positif
Sri Suparyanti,12/11/2022,"Gunung Bromo salah satu gunung yang tercantik di Indonesia yg berada diantara Kota Malang, Pasuruan, Purbalingga n  Lamongan Masya Allah Subhanallah Allahu Akbar dgn vio yg sangat indah dikelilingi pepohonan yg sgt indah Mempesona berswaf â€¦",positif
Rona Juniati,12/11/2022,MasyaAlla Pemandangan nya sungguh luar biasa.,positif
Dian Batam Private Tours,12/11/2022,Akhirnya kesini juga. Via Malang lebih recomended. Dulu pernah coba via Proling tp lum nyampek entrance nya dh balik arah.,positif
Amin Mustofa,12/11/2022,Bagus pemandangan alamnya,positif
Lotte Smorenburg,12/11/2022,"Butuh beberapa saat untuk menemukan yang mana dari semua gunung yang merupakan Bromo, tetapi senang melihatnya. Kami tidak berjalan sendiri menuju Bromo, tapi hanya melihat matahari terbit dari atas.",negatif
ms lindawati,12/11/2022,suka sekali ke bromo untuk refreshing,positif
dian Taufikul Khofid,12/11/2022,"Yg ingin menyaksikan terbitnya matahari, dan liburan keluarga sangat lah cocok",positif
Aris Shobirin,12/11/2022,Jangan lupa bawa yg aneh2,negatif
yuriza Saputri,12/11/2022,Ga percuma pagi2 buta berangkat ke bromo dapet pemandangan yg super bagus,positif
Rista 12345,12/11/2022,"Terminal bisnya terlalu jauh,jadi ganti transport 2 kali lagi",negatif
Sahrul Gunawan,12/11/2022,Tempat nya bagus,positif
Pan,12/11/2022,"Beberapa yang terbaik yang pernah saya alami. Matahari terbit yang indah, kedatangan dan kepulangan yang pen â€¦",positif
numaruku yuici,13/10/2022,"viewny bagus cm di area sekitar kaki gunung ada beberapa sampah mgkn hrs lbh dijg lg kbrshnnya
sama ketersediaan toilet kayaknya harus ditambah dengan makin meningkatnya kuota pengunjung",negatif
Zenal ID,13/10/2022,"Entah kebetulan atau memang kuasa Yang Maha Pencipta, dari jarak 500kaki diatas Gunung Batok terlihat seperti tulisan lafadz Allah â™¡",positif
Jjj Immy,13/10/2022,"Gunung Bromo adalah salah satu gunung yang sangat populer di kalangan wisatawan karena menawarkan keindahan alam Indonesia yang menakjubkan. Meskipun berstatus sebagai gunung berapi aktif, Bromo tidak pernah sepi dari pengunjung. â€¦",positif
herman suherman,13/10/2022,"Alam ya masih bagus sejuk banget
7-09-2022",positif
David Taring,13/10/2022,Selalu ingin ke sana lagi...,positif
Belle Swan,13/10/2022,Tempat wisata terbaik versi aku,positif
Fernando Blasco Navarro (Fer),13/10/2022,Spektakuler. Sangat mengesankan untuk mendekati mulut gunung berapi dan mendengar raungan konstan yang mengingatkan Anda dan memperingatkan Anda bahwa itu hidup dan pesta lava dapat dimulai kap â€¦,positif
Kadek Dwi Antari,13/10/2022,harus kesini lagi . aku sangat suka alam indonesia,positif
Adirental Jeepbromo,13/10/2022,trip bromo bersama bule dari italy gues,positif
Dikry,13/10/2022,"Sunrise di bromo bener-bener perfect banget pemandangan yg bener bener indah dan menurutku emang harus coba kita kesana, saran dariku lebih baik ke bromo pas weekday jadinya bisa lebih menikmati dan lebih sedikit wisatawannya. Ke bromo pake â€¦",positif
Rendy Joko,13/10/2022,"Baguss, dingin sekaliii, rekomendasi persiapkan kehangatan dari rumah karna di tempat dinginnya minta ampun, bagus sekali viewnya",positif
Sugeng Lestari,13/10/2022,Satu kata mantap,positif
viett,13/10/2022,"Sangat indah, layak bangun pagi untuk melihat matahari t â€¦",positif
Syukri Ni'am,13/10/2022,"Tempat yang sangan menakjubkan gak bakal nyesel pokoknya, berharap suatu saat nanti bisa kesini lagi",positif
IrasandI,13/10/2022,Pemandangan yang bagus,positif
Sodik Basuki,13/10/2022,Kece lah,positif
Harmi jimbo,13/10/2022,Indahnya ciptaan Tuhan untuk Indonesiaku ğŸ˜‡ â€¦,positif
Susilo Widiantoro,13/10/2022,Bagus dan mempunyai pemandangan sangat indah,positif
Samuel Aris,13/10/2022,"Suasana Alamnya Indah Dan Eksotis, Gunung Bromo Is Beautiful and Cold ğŸŒ«ï¸ â€¦",positif
L i,13/10/2022,"Sangat cantik. Saya hanya berharap harga memiliki hak untuk matahari terbit yang lebih indah dari itu! Harapkan banyak turis! Hampir tidak ada tempat untuk menemukan tempat untuk melihat matahari terbit. Hindari tidur di bawah desa, terlal â€¦",negatif
Ade Indra,13/10/2022,"cakep sih, tapi harus naek jeep bayar 500ribu++ untuk naik dan diantar kemana2, tapi kondisi jeep & cara nyetirnya bikin mabuk :/",negatif
Rozak 123,13/10/2022,Hawa dingin,positif
ayu nuryani,13/10/2022,"Salah satu tempat dengan Sunrise terindah di Indonesia, makanya rame banget yg liat sunrise di pananjakannya
Sekali kamu kesini pasti pengen balik lagi",positif
rakhmat edy purnomo,13/10/2022,Panorama yg menakjubkan,positif
Resky Firmansyah,13/10/2022,"Istimewa
Dinginnya merasuk hingga ke tulang sumsum",positif
Eli Ana,13/10/2022,Bagus betul Bromo,positif
erwin sanjaya,13/10/2022,Biar bintang yang bicara âœŒï¸,positif
Changyi _88,13/10/2022,Keren,positif
Ahmad Faizal Muttaqin,13/10/2022,"Gunung yang sangat terkenal, banyak wisatawan mancanegara yang berwisata disini setiap harinya
Berbagai macam spot foto (spot savana, spot sunrise, spot lautan pasir, spot â€¦",positif
Arry Yan,13/10/2022,Cukup sekali dan kapok k bromo,negatif
Eric,13/10/2022,Kunjungan ke Gunung Bromo dirangkum dalam 2 bagian. Yang pertama di mana Anda pergi ke sudut pandang titik seruni untuk melihat matahari terbit. Ini adalah jalan panjang di mana di ujungnya ada serangkaian tangga di beberapa bagian da â€¦,positif
Jurgen Hiesinger,13/10/2022,"Pengalaman hebat. Pasti direkomendasikan. Perjalanan dimulai pukul 3.00 pagi dengan kendaraan off-road. Perjalanan ke titik pandang ini mudah, karena jalan sebagian besar sudah beraspal. Ada banyak orang di titik pandang ini. Matahari te â€¦",positif
Alfina,13/10/2022,Pertama kali ke bromo. Bisa pakai motor atau sewa jeep. Cuacanya sangat dingin terutama di waktu subuh. Wajib pakai jaket tebal dan sarung tangan untuk yang tidak tahan dingin. Sangat puas menikmati keindahan alamnya ğŸ‘ğŸ¼ â€¦,positif
Thomas Roni,13/10/2022,Semoga bisa  ke  bromo,positif
Zaenal Abidin,13/10/2022,Gunung yang sangat indah dan terjaga suku budayanya sampai saat ini...sudah ke 3x nya,positif
WiFi,13/10/2022,"Lokasi gunung bromo jaraknya sekitar 1 jam-an dari kota malang, luar biasa gunungnya bagus banget. Berangkat jam 1 subuh ke lokasi, cuacanya dan udaranya dingin banget di subuh hari, sampai 4 derajat celcius, capek memang ke lokasinya, â€¦",positif
mms sihot,13/10/2022,"Bromo begitu indah tp krna banyak pemalakan oknum jd mut untuk wisata jd gk nyaman.
Mohon diperbaiki
Pemda harus turun tangan",negatif
Frs Aja,13/10/2022,Kalian masih suka ke bromo? Idih banyak pungli juga cukup sekali aja deh ga lagi2 kesana apa lagi rekomendasiin wisata gn bromo ke temen2 ğŸ˜¬ğŸ™ğŸ» â€¦,negatif
kim Zinu,13/10/2022,Sangat cantik dan kere â€¦,positif
Memoriess Store,13/10/2022,"Supirnya rese, ga bener..",negatif
The Vengeance,13/10/2022,sangat keren!!!,positif
andri anto,13/10/2022,Keren,positif
nira listya,13/10/2022,Bagus banget nggak ngecewain pokoknya nggak nyesel deh dua kali kesana.,positif
Cika Adriana,13/10/2022,"Tempat nya bagus
Jalan nya juga mulus
Sayang nya ada oknum tiket â€¦",positif
Sasta Jingga,13/10/2022,Rekomended buat yg ingin berwisata . Driver jeepnya ramah ramah.,positif
Acep Ojat,13/10/2022,Tanggal 14 agustus 2020  adalah kedua kalinya sy dan rombongan dr lampung datang ke bromo. Pengalaman yg sangat mengasikan. Masih akan ada ke tiga ke empat dst,positif
Tri Utomo,13/10/2022,"Rekomendasi wisata alam,",positif
Udin QC Good looking,13/10/2022,Bingung,negatif
ayong ayong,13/10/2022,Pemandangan yang luar biasa,positif
MJs Reisen,13/10/2022,Gunung Bromo terlihat dari kejauhan saat matahari terbit. Wisata gunung bromo yang memakan waktu sekita â€¦,positif
Raffly FC,13/10/2022,Asik penuh tantangan dan rintangan,positif
Aâ€™ahel Kurniawan,13/10/2022,Sangat indah di pandang ğŸ¤©ğŸ¤©ğŸ¤©ğŸ¤©ğŸ¤© â€¦,positif
Penok bagoes Dream art FG,13/09/2022,Sangat bagus,positif
Esa Ganendra,13/09/2022,luar biasa,positif
Laura Ribes,13/09/2022,"Tempat yang indah. Sangat dianjurkan. Kami pergi sendiri, kami pergi melihat matahari terbit dari view point Seruni. Kami berangkat jam 3 pagi, idenya jalan-jalan tapi ngobrol sama seorang laki-laki, akhirnya dia membawakan kami sepotong se â€¦",positif
Danel Official,13/09/2022,Mantap,positif
Lipzz Ganzz,13/09/2022,Suka sekalih dengan pemandangan bromo,positif
Surya Rismayani,13/09/2022,Kereeenn,positif
Carlos GonzÃ¡lez,13/09/2022,"Menyaksikan matahari terbit di Gunung Bromo adalah pengalaman yang luar biasa. Anda harus bangun pagi-pagi sekali, tetapi itu sangat berharga karena setelah berjalan kaki singkat Anda tiba di sudut pandang di mana Anda dapat melihat gunung berapi dan dataran pasir besar yang mengelilinginya. Sangat mengesankan meliha â€¦",positif
Agus Puji,13/09/2022,Mantap kenangan seumur hidup,positif
wahyu azhima,13/09/2022,Naik 250 anak tangga. Jam 3 dini hari masih gelap. Terbayarkan dapat Sunrise.,positif
Jadium Sebayang,13/09/2022,Tempat y!ng bagus,positif
Daus Firdaus,13/09/2022,Bagus,positif
Gosek osage,13/09/2022,View luar bisa untuk para traveling,positif
Miftachul Jannah,13/09/2022,"Pas libur nasional wisata gn. Bromo sangat byk pengunjungnya, hingga saat naik dikawah  penuh walisatawan ,jd butuh waktu lama untuk sampai keatas.siapkan tenaga , ada sewa kuda juga cm sampai depan tangga saja, tp lumayanlah mengurangi capek",positif
Anahanah1976 Anah,13/09/2022,Tempat y indah dan bagus,positif
Heri Sugi,13/09/2022,Sebuah destinasi sungguh menakjupkan keindahan kawah gunung bromo,positif
Dedy Fadly,13/09/2022,Bromo... Pokoknya mantap deh... dinginnya luar biasa. Ngeliat dari atas wisata jeep yg bgitu hiruk pikuk ngangkut pengunjung.. persis mobil tamiya....,positif
Guntoro Ary,13/09/2022,Kesini dan saya jamin tidak menyesal...,positif
multi tohirin,13/09/2022,Menakjubkan,positif
Muhammad Yunus Syam,13/09/2022,"Yakin lh,stiap gunung di indonesia semuanya indah..",positif
Harry,13/09/2022,"Bromo bagus, indah, menikmati sunrise. Suerr ini dingin bgt perlu jaket tebel bt ngangetin badan.",positif
BAKTI WIRAWAN,13/09/2022,Luar biasa panoramanya serta keindahan ciptaan ALLOH SWT yang tak mubgkin terlewati....,positif
Laia Roman,13/09/2022,"Gunung berapi yang luar biasa! Untuk mengunjunginya, saya sarankan bangun pagi untuk melihat matahari terbit (tidak ada kata-kata untuk menggambarkan betapa indahnya perubahan warna yang dihasilkan selama proses tersebut) dan kemudian pergi ke roknya untuk mendakinya dan dari atas mengamatinya. pedalaman. Harus mengunj â€¦",positif
nuridaarifin Arifin,13/09/2022,"Puas
Ciptaanmu sungguh indah",positif
Putri Brilliantsyah,13/09/2022,"Dingin nya masyallah... Tp terbayar sama keindahan sunset di pagi harinya... Bagus bgt.. Next pngen k sini lagi lah kapan""â˜ºğŸ˜Š
Nb:pkek baju double"" Pun tetap sedingin itu woy â€¦",positif
Bambang Soetanto,13/09/2022,"dingin , cocok untuk pencari sunrise, sunset, atau kabut. juga sudah ada playparknya",positif
Arek AG,13/09/2022,Pemandanganya indah...,positif
Muhammad Amin,13/09/2022,"berubah pesat selama dekade ini, kalu dulu pernah kesini pasti pangling",positif
Irma Ayu,13/09/2022,"tempat bersih, cocok untuk destinasi wisata",positif
Elodie B,13/09/2022,"Benar-benar sangat mengesankan! Kami berjalan mengelilingi kawah, setelah beberapa ratus meter tidak ada lagi turis dan pemandangan yang luar biasa! Di sisi lain, jalur menjadi hampir tidak ada di sekitar 3/4 belokan dan menjadi berbahay â€¦",positif
Florent Yudi,13/09/2022,"Indahnya ,,,,,",positif
Sriutami Hatiningsih,13/09/2022,Pengen balik kesana lagi,positif
Agnisotya,13/09/2022,Tempat yang slalu ingin saya kunjungi,positif
Ir Sugito,13/09/2022,"Pas melayani turis asing sedikit kecewa karena tidak ada nya standard resmi utk penyewaan motor yg banyak di kuasai penduduk lokal
Bayar toilet utk buang air kecil saja di tarif sesuka nya oleh penjaga toilet",negatif
Jenal Abidin,13/09/2022,Wisata alam yang menawan,positif
RFAJRI,13/09/2022,"Dingin, suasananya seperti bukan di Indonesia. Berbeda dengan tempat â€¦",positif
azhar rama,13/09/2022,Gunung ny indah kawahny juga bagus tp dingin bgt,positif
Muhammad Qolyuby,13/09/2022,Gunung Bromo memiliki ketinggian 2.329 mdpl dan dipercaya sebagai gunung suci oleh umat hindu tengger. Nama Bromo sendiri diambil dari kataÂ â€œBrahmaâ€Â bahasa sanskerta yaitu dewa pertama agama hindu. Yang menarik dari gunung ini adalah â€¦,positif
Mariani Ani,13/09/2022,Pemandangan yang indah,positif
Yuniar Eko Prastowo,13/09/2022,"Saya tersesat karena google map
Jadi begitulah",negatif
muchamad yusuf,13/09/2022,Asri,positif
Abdillah Dillah,13/09/2022,Gunung yng paling saya sukai dan cocok untuk touring2 motor2 clsik,positif
QUSAI R. R,13/09/2022,Sangat indah untuk di lalui,positif
Hasyim ali,13/09/2022,Seru pas sepi juga ;),positif
Ahmad Asmuni,13/09/2022,Negeri di atas awan yang menawan,positif
RedEmo Gaming,13/09/2022,Bagus,positif
Lany Ing,13/09/2022,"Sangat indah,apalagi kalo pas ga ada kabut.",positif
andhi aprianto,13/09/2022,lain gunung lain suasana,positif
boled 117,13/09/2022,Adem,positif
Agus3tri,13/09/2022,"Wisata alam pegunungan yang menyajikan pemandangan landscape alam yang luar biasa indah. Disini kita bisa menikmati pemandangan alam pegunungan yang nyata dan sangat indah langsung dari puncaknya. Ada hamparan lautan pasir, bukit bunga yang â€¦",positif
Worro Priandhini,13/09/2022,Berkali kali kesana tetep aja sesuka ini,positif
arif rakhmawan,13/09/2022,Tempat rekreasi dan hiburan bersama keluarga,positif
M Syafii,13/09/2022,"Gunung Bromo , Memang sangat indah dan mempesona . Dari parkiran mobil hardtop  untuk ke puncak gunung bromo dibutuhkan waktu 45 menit untuk jalan kaki , Pada saat ini mulai memasuki musim kemarau .
Sebaiknya membawa masker untuk menghindari debu .",positif
Firman Aj,13/09/2022,"Hasil ciptaan NYA yang luar biasa, pemandangan alam natural dan alami hawa sejuk menyehatkan",positif
Ajib Ghufron,13/09/2022,Pemandangan bagus. Sayang toilet umum bau pesing. air dr urinoir n wastafel tidak keluar. Padahal per org harus bayar pula 5 rb :(,negatif
Marvines Diana,13/09/2022,Destinasi wisata alam yang tak pernah sepi dari pengunjung adalah gunung bromo. Meskipun statusnya yang masih aktif namun pesona gunung bromo selalu menjadi pusat perhatian banyak wisatawan. â€¦,negatif
Ashari Bromo,13/09/2022,"Keindan Wisata Gunung Bromo sangat Istimewa, Sehingga Bikin Ketagihan Bagi Pengunjungnya. Dan Bisa Hubungi Kami via phon/Wa 085331052316",positif
Erick sugendi,13/09/2022,Tempat yang sangat bagus,positif
Rikky Adrian,13/09/2022,YG PASTI MANTAP JIWA... PEMANDANGAN DUNIA DI ATAS GUNUNG SANGAT TERBAIK,positif
Farhan Alwandi,13/09/2022,"Kuasa Tuhan yang sangat luar biasa indah, hamparan lautan pasir sepanjang kawasan gunung yang membuat pandangan mata saya tak lepas untuk tidak berhenti memandangi keindahannya. â€¦",positif
Fitri Chandra,13/09/2022,Gunung yang paling unik menurut saya karena berangkat nya jalanan naik tp setelah sampai gunung nya ada dibawah,positif
Amir El Haq,13/09/2022,Masyaa Allah sangat indah,positif
Yoga Efendi,13/09/2022,Ya inilah destinasi kondang Jawa Timur dan terkenal hingga mancanegara . Bromo ini penuh kenangan. Trip pertama saya dulu dengan Group Spanyol pada tahun 2013 dan terakhir kesini bersama Group Eropa. â€¦,positif
Kresna Rizki,13/09/2022,Pengalaman yang tak terlupakan,positif
Luca Bindi,14/08/2022,Pengalaman terbaik di Indonesia. Kami naik dengan kuda (hati-hati karena kudanya kecil) ke tangga.,positif
Restu Suryana Al'ala'a,14/08/2022,"Ajip bgt dahh,mantul",positif
Kar3l Timothy,14/08/2022,Soal panorama alam kawasan Bromo memang sangat keren. Cuma fasilitas tempat sampahnya kurang + kurangnya kesadaran pengunjung akan kebersihan sehingga banyak wisatawan yg buang sampah sembarangan,negatif
Ilham sukmone,14/08/2022,Ammazing.... kami beruntung dapat melihat sunrise di penanjakan bromo... dilanjut menuju puncak kawah... suhu udara sangat dingin dibulan juli dan angin yg lumayan sepoy2 menambah dingin semakin menusuk tulang... hahahahaha...,positif
STR MAGELANG SH,14/08/2022,"Dari pasar tumpang Malang star jam 00.00 wib dengan route ekstrim sewa jep rata2 1 jutaan.
Perjalanan sekitar 2,5 jam karena antrian jep masuk Musim liburan tgl 4 Juli 2022.
Tiket masuk per orang 35 ribu
Tinggal pilih Penanjakan 1/2 / 3 untuk melihat sunrise gunung Bromo pukul 04.30 wib
Juga kabut yg turun diseputaran gunung tengger",negatif
Afidatul Rosida,14/08/2022,"Definisi ""indah""",positif
Ridho Riswanto,14/08/2022,"Bromo.. Pemandanganya bagus banget, Bintang 5

Pake jasa open trip recomended banget sih, untuk yg belum pernah ke bromo sama sekali seperti saya dan teman2 saya..
Biaya 275k per pax , itu udah include tiket, jeep,driver, penjemputan, sunrise point, bukit widodaren, kawah bromo, gunung batok, pasir berbisik, bukit teletubis dll..
Oiya setiap open trip berbeda2 yaa, silahkan cari yang sesuai kebutuhan..

Sunrise disini terbaik sih...
Untuk mendapatkan sunrise yang sempurna dtg pas musim kemarau. Jika musim hujan, ada kemungkinan mendung menghalangi sehingga bisa jadi sunrise gak terlihat. Jadi, musim kemarau merupakan peak season di wilayah Bromo..khususnya di penanjakan inii

Atraksi utama lainnya adalah Kawah Gunung Bromo. Dari pintu Penanjakan, kalian cukup melewati hamparan pasir untuk menuju ke Gunung Bromo...
FYI untuk ke kawah harus jalan kaki yaa, tp gak terlalu jauh kok dan ada opsi naik kuda buat yang ga kuat tp berbayar..
Dan pas di tanjakan terakhir menuju puncak, ada tangga yang memudahkan untuk naik.
capek? istirahat dan makan bakso malang adalah opsi terbaik setelah turun dari kawah!hahaha

Pasir berbisik dan savana (bukit teletubis) itu luas banget, spot foto banyak pokoknya disinii, hehe

Puas bgt pokonya kesini, Insyaallah bakal ke bromo lagi..",positif
MrNguyenthevy,14/08/2022,Pengalaman bagus tapi kurang layanan. Jalannya sangat sulit,negatif
Deasy Susanto,14/08/2022,"Pengalaman pertama ke bromo dan luar biasa bagus sekali. Apalagi saat gelap mulai berubah jadi terang, terlihat semua lautan awan yang bikin melongo saking bagusnya. Pas masih gelap juga lihat ke langit bisa lihat bintang jatuh. Tapi harus prepare baju dingin karena dinginnya sangat menusuk tulang",positif
Mr.Spongebob SquarePants,14/08/2022,"Banyak pungli, mau masuk diminta 700ribu per orang",negatif
MAS YUDA,14/08/2022,"Pemandangannya bagus banget, keren, dingin bget... Kalo bisa bawa pakaian yang tebal
Pokoknya the best dah gak ngecewain.. Kenangan yg indah bgt",positif
Eko rahmad Wahyudi ST,14/08/2022,Gunung yang menakjubkan,positif
suri afrianti,14/08/2022,panorama yg sangat indah...lelah otomatis terobati sesampai'a di puncak kawah...banyak view2 yg luar biasa indah'a di sekitaran bromo ini...worth it lah ğŸ˜ğŸ˜ğŸ¤© â€¦,positif
yulia yushan,14/08/2022,"Gunung Bromo adalah Salah satu gunung tercantik di Indonesia.
Berpetualang menggunakan Jeep lebih seru.
Gunung Bromo adalah lautan pasir yang Indah",positif
Jeffry Trg,14/08/2022,"Takjub banget, keindahan yang ga ada duanya.",positif
David Indarto,14/08/2022,Dipenanjakan fuul tapi seru dan akhirnya kita dpt spot utk lihat sunrise,positif
Riwanto Riwanto,14/08/2022,Dengan pelayanan dari driver jeep satu kata mantab,positif
Genjah Lynux,14/08/2022,"Wahh the best sihh, pertama kali kesini ngerasa sangat baguss tempatnya, gk nyesel kalo ke gunung bromo, kalo mau naik motor kesini, menurut saya itu minimal 125cc kalo lewat via tosari pasuruan karna kalo pulang lewat penanjakan sangat terjal jalannya",positif
Willy Rhemrev,14/08/2022,Tempatnya keren banget,positif
F Sukmowibowo,14/08/2022,Destinasi wisata yang selalu menantang dan dirindukan karena sangat exotic..bagi wisatawan domestik & mancanegara..ğŸ‘ğŸ½ğŸ‘ğŸ½ğŸ‘ğŸ½ğŸ™ğŸ¼ â€¦,positif
Sofya MC,14/08/2022,"Bagus ğŸ‘.. Ambil tour panorama 1,5jt/ Jeep kecil. Perjalanan mulus krn jalan sdh di aspal sampe atas. Tinggal lewati lautan pasir kita bisa naik untuk liat lava. Dr tempat parkir bisa naik kuda antara 150-200 rb PP. Tinggal naik anak tangga â€¦",positif
mala Sari,14/08/2022,"Kemarin ke Gn.Bromo..Perjalanan dari malang Jam 05:00 pg..gak bisa kebayang donk dinginnya..
Setiba di sana jam 07:00 an ..Rencana dari awal langsung menuju ke penajakan â€¦",negatif
Angkringan Metal,14/08/2022,"Pemandangan alam yang sangat indah
Hamparan pasir dan bukit2 disekitar Gunung yng sangat indah
Bahkan kita bisa naik untuk melihat langsung Kawah Bromo",positif
Shintia Anggun faustina,14/08/2022,Sampai puncak terasa ngeri sekali,negatif
Roce Sagara,14/08/2022,"Memulai mendaki sekitar pkl 03 pagi dan berjalan kaki sampai ke seruni poin.
Nafas tersengal terbayarkan dengan sunrise dan pemandangan yang menakjubkan.
Sangat bahagia bisa ke Bromo dan beberapa spot bersama suami dan teman kantor.",positif
Bella Suryansyah,14/08/2022,Bromo Cantikk ğŸŒ¼ â€¦,positif
Must Schulfee,14/08/2022,Ga pernah sepi,positif
M Alif,14/08/2022,"Pemandangannya bagus, apalagi kalo lagi cerah. Suhu di puncak bromo sunrise view point bisa mencapai 6 derajat celcius",positif
Weny Christianto,14/08/2022,"Dingin waktu malam, sejuk waktu siang, pemandangan ""negri diatas awan""nya sangat memukau.",positif
Aira Firlia,14/08/2022,"Bagus sekali gunung nya , memang Indonesia is the best",positif
Wulan Sriwulani,14/08/2022,Seru,positif
Ugan,14/08/2022,Kerennnnn,positif
Galih Mahardika,14/08/2022,Luar biasa,positif
Charlotte Seha,14/08/2022,knapa slalu ada pungli.,negatif
Riko Aldi,14/08/2022,"Pungli pungli pungli
Calo calo calo",negatif
Suyanti Rut,14/08/2022,Sangat bagus,positif
M. R. Mukti Aji,14/08/2022,"Sangat menyenangkan bisa melihat salah satu kekayaan Indonesia. Dari Batu Malang dijemput oleh tour travel di penginapan menggunakan mobil kemudian transit di pintu masuk ganti menggunakan jeep. Kemudian menuju kawasan bromo yang berpasir, â€¦",positif
Andi labkes,14/08/2022,"Bromo sangat menakjubkan, penduduknya rama semoga th depan bisa berkunjung kembali",positif
BB sunisa,14/08/2022,"Kawah Bromo: apa yang dipikirkan dan dilihat
Sangat kotor, sampah dari sayuran, baunya sangat busuk.
alam yang indah Itu m â€¦",positif
HEDAPATI MAHDI L.,14/08/2022,Baik,positif
Fakhmi Maulida,14/08/2022,"Bromo, pemandangannya indah, selalu ketagihan untuk ke bromo dan bakso teletubis yang ngangenin enaknyaa",positif
Safrizal Anggani,14/08/2022,Bromo yg ke 7x nya ğŸ¤™ğŸ‘ â€¦,positif
Miftahul J A,14/08/2022,"Masyaallah, sungguh indah dan sangat luar biasa salah satu ciptaan Allah. Baguus sekali, saya sangat menikmati pemandangan bromo.",positif
Lingga frezy mariana,14/08/2022,"Lumayan jauh, tapi seru ketika dah nyampe, seruuu menjelajah gurun pasir, perjalanan menanjak nya lumayan pegel, spot foto nya banyak, orang nya ramah2 ğŸ‘ğŸ» â€¦",positif
Raden Achmad Syahid Ashon,14/08/2022,Mantabbbbb josss..  Ke sini jangan pake mobil...  Mending pake jipp,positif
george rindengan rindengan,14/08/2022,Ok,positif
Riyanto Agus,14/08/2022,Bromo luar biasa ...,positif
Mas Sein,14/08/2022,Keren dengan view wahhh,positif
Trisna Nurdin,14/08/2022,View nya cantik.pas datang lagi cerah,positif
Wulan Suprapta,14/08/2022,Wisata alam yang indah...,positif
A J,14/08/2022,Sangat mengesankan.,positif
Muhamad Adnan,14/08/2022,gunung yang sangat indah,positif
Sidiq Eko Prasetyo,15/07/2022,"Pemandangan alam yang tidak pernah bosen untuk di kunjungi

Semoga tetep lestari alamku Indonesia",positif
Syarif Al Halim,15/07/2022,Di sekitar kawasan gunung bromo banyak terdapat spot wisata yang sangat indah untuk disinggahi namun jika mengunjungi keseluruhannya tidak cukup hanya dengan waktu 1 hari saja.,positif
vivo vit,15/07/2022,"Emang ini bukan cuma liburan vacation aja
tapi ada kesan bertualangnya juga
bawa dua anak diajak untuk mendaki creter, break the limit akan kesabaran dan â€¦",positif
Nurul Zainudin,15/07/2022,Gunung Bromo keindahan tiada tara.. 4* sudah ke bromo  dengan 4 jalur yg berbeda..sedikit saran siapkan tenaga juga kendaraan anda..,positif
Dans Setiawan,15/07/2022,"Tempat wisata alam yg sudah modern,udara jls sejuk krn pegunungan...trs ingat jangan buang sampah sembarangan",positif
M Irfan,15/07/2022,"Mantappu Naisu pokoke Bromo
Keindahan Alam Indonesia",positif
UK proaudio,15/07/2022,"Alhamdulillah tahun ini bisa sampai ke area kawah.bisa ambil foto dan sedikit view dari atas kawah.karena cuaca mendukung pendakian pada hari ini.
Beberapa tahun lalu cuman sampai bawah saja,karena cuaca tidak mendukung ( hujan â€¦",positif
Tarto Tr,15/07/2022,Mantap tangganya,positif
ARM Collection,15/07/2022,Asyik & Seru bangets,positif
11_Farida Rahmawati,15/07/2022,Bagus sekali,positif
star bintang,15/07/2022,Baik,positif
dwy prasetyo,15/07/2022,"Wisata alam yang sangat menyenangkan, lebih bagus datang pas week day jadi gk terlalu ramai jadi bisa menikmati sunrise tanpa berdesakana",positif
Stevanus Sukardi Ruata,15/07/2022,Tempatnya Seru! Dan Seger Menghirup Angin Gunung!!!,positif
Christ Hazaki,15/07/2022,"Pemandangan yg indah walaupun gk dapet sunrise ğŸ˜‚ Surabaya - Bromo hujan terus mulai jam 5 pagi, udah sering ke sini tapi gk bakal bosen , oh iya untuk tiket diwajibkan beli online ya minimal 1 hari sebelum berangkat, pagi tadi suhu mencapai 14-15Â° itu barengan dengan hujan ğŸ¥¶ğŸ¥¶ â€¦",positif
Aprizal Sakha,15/07/2022,Gunung yang Menunjukan bahwa Kebesaran Allah Swt.,positif
Hartoyo,15/07/2022,Pemandangan bagus,positif
Genjun Junaedy,15/07/2022,"Sangat bagus, tidak pernah bosan meski sering ke sana",positif
Aku Febriawan,15/07/2022,"wisata alam yang sangat keren, semoga bisa kesini lagi",positif
Kurdobln,15/07/2022,"Sorotan mutlak di Jawa, pendakian ke kawah gunung berapi agak mudah. Setelah di atas Anda dapat mendengar dan melihat seberapa aktif gunung berapi itu. Saya tidak akan merekomendasikan berjalan di sekitar kawah karena bisa sangat b â€¦",positif
sakti kurnia nasution,15/07/2022,Indahnya cipta dan kuasa Tuhan,positif
Wini Eunike,15/07/2022,Pengalaman yang menyenangkan menjelajahi wisata Gunung Bromo. Semakin dilestarikan dan dijaga keberadaan lingkungan sekitar.,positif
Navynav az,15/07/2022,"baru pertama kali ke Bromo,cantik banget gunung nya",positif
Fatimah DuLhamid,15/07/2022,"Keren abis...ya walau cuaca panas akhir sampai juga ke kawah nya,kalau naik kuda sih mungkin lebih cepat...tapi saya suka jalan dari parkiran mobil Jeep,mungkin Jia kesana nya cuaca hujan lebih dingin... â€¦",positif
Jayanti 80,15/07/2022,Wisata alam yg luar biasaa.....ğŸ‘ğŸ½ğŸ‘ğŸ½ğŸ‘ğŸ½ğŸ‘ğŸ½ â€¦,positif
brama deka oktora,15/07/2022,Cocok buat yg punya banyak masalah,positif
Yudha Ahmad,15/07/2022,keindahan yang tudak pernah salah,positif
Alf Bantani,15/07/2022,"Tempat yg indah dan bagus tp sygnya jln menuju lokasi pasir dibuat tdk landai agar hny kendaraan tertentu yg disewa yg bisa lewat.  Hati2 sama calo sewa kendaraan menjelang pintu masuk,  sebaiknya parkir dulu saja dan lihat biaya sewa di google.",negatif
Aji Nugroho,15/07/2022,Idah suasana pagi menjadi daya tarik tersendiri di gunung bromo,positif
Ken Zo,15/07/2022,Istimewah,positif
Artina Vita Ningrum,15/07/2022,Ke bromo waktu kkn tahun 2013  perjalanan sangat mengesankan,positif
Tarno Novan,15/07/2022,"Tempat yang indah,,,",positif
Ardi ansyah,15/07/2022,kapan kapan kesini lagi deh ya,positif
ridwan sinyo,15/07/2022,Tempat wisata populer di Jatim nasional park Bromo Tengger Semeru.,positif
Wawan Kondangiwak,15/07/2022,"Sedap bau belerang,,,",negatif
NUNGKY ASTRIDHA,15/07/2022,"Setelah sekian lama, akhirnya kesampeam juga k Bromo..
Lumayan jauh dr Pekalongan, dan lelah pun terbayar oleh pemandangan yg indah..",positif
Sabrina Putri,15/07/2022,Pemandangannya sangat indah,positif
Farid Krisdianto,15/07/2022,Pengen semedi,positif
riyanti kusuma,15/07/2022,Kalau ke bromo naik jeep maksimal jam 2 sdh berangkat naik yaa..karena masih harus jalan kaki naik ke puncak buat lihat sunrise nya..meski bisa naik ojek.,positif
Heru Trihandoko,15/07/2022,Panorama alam sangat eksotik.,positif
Batik Te'ye'ng,15/07/2022,Indahnya alam gunung Bromo,positif
Atok Aminulloh,15/07/2022,Seru,positif
Telerr Bastard71,15/07/2022,Sangat menyenangkan dan rekomendasi banget untuk healing bersama teman,positif
Abyan Zaenal,15/07/2022,"Good recommended, destinasi wisata alam gunung bromo diantara 4 daerah yakni Malang Lumajang Probolinggo Pasuruan
Gunung berapi aktif berbentuk corong  dan di kelilingi lautan pasir",positif
Adwitya Galuh,15/07/2022,Pemandangan yang bagus dan menarik suasananya dan ramai,positif
aeisy 13,15/07/2022,Kereen,positif
difi moza,15/07/2022,"Tempatnya bagus dan indah, tp kalau kesini disarankan buat pakai masker ya karna berdebu banget kan gunung pasir gt, terus ada juga tempat makan yg enak di sekitar gunung Bromo ini yg sistem nya kyk prasmanan gt dan teh angetnya enak banget jadi pas sama suasana dinginnya udara pagi bromo",positif
Yuhanto Ari Nugroho,15/07/2022,Mantapp pagi jam 3 berangkat samap atas jam 5 ann,positif
Piknik Butuh,15/07/2022,Pemandangan yang indah banget,positif
sadayuki matsuoka,15/06/2022,"Ini adalah pemandangan yang indah. Butuh waktu untuk mendaki, dan saya merasa senang b â€¦",positif
Dina Mulya,15/06/2022,"gunung yang indah, suhu dingin sekali ketika saya kesana bulan agustus, makan mie kuah di warung setelah penanjakan sunrise mantap sekali. Sopir jeep sangat ramah memberikan informasi terkait sekitar.",positif
Bong Tjandra,15/06/2022,Keren pemandangannya,positif
Masykur Fitriawan,15/06/2022,Gunung fenomenal yang pernah saya kunjungi sampai di puncak kawah jalan dilautan pasir dan menaiki 250 anak tangga. Luar biasa capeknya,positif
ian nayaka,15/06/2022,Mantabbz,positif
arief dzaki,15/06/2022,Mantap,positif
Rafasa BSV,15/06/2022,"Bagi yg trip ke bromo, saya sarankan utk hati di kawah. serta untuk nyewa jeep harus tanya dengan detail sama drivernya",positif
Dimas Eko,15/06/2022,"Sejuk ,pengen kesini lagi",positif
javanese boat,15/06/2022,Untuk perjalanan terbaru anda harus mendaftar secara online ..,positif
Wulan Echa,15/06/2022,"Suasana yg ngga pernah bikin bosen, slalu bikin kangen pengen balik lagi dan harus bisa balik lagi kesana...",positif
Leo Pulung Baskoro,15/06/2022,"Kangen tempat ini, ğŸ˜­ğŸ˜­ğŸ˜­ â€¦",positif
Yogi Adi Prasetyo,15/06/2022,Tempat indah yang layak dinikmati bersama para sahabat,positif
Yudi Maulana Ali,15/06/2022,Pengalaman tak terlupakan saat pergi ke tempat ini. Bromo adalah destinasi pilihan untuk memanjakan mata. Akses bisa dilalui melalui banyak rute. Ada yang terjal dan ada yang lebih aman. Disarankan melewati akses yang lebih aman dan â€¦,positif
Ahmad,15/06/2022,Untuk sampai ke sini dari parkiran lumayan jauh. Saran saya sewa kuda saja. Nanti diantar sampai tepat di bawah tangga Bromo. Setelah itu baru lanjut menaiki anak tangga sampai puncak. Pemandangannya bagus sekali kalau dari atas. Bisa ambil â€¦,negatif
ARIF BAYU SAPUTRO,15/06/2022,Bagus tempat nya,positif
Toppo Nuryanto,15/06/2022,"Menurutku lokasi menantang, hanya saja maaf banget ya, kenapa sekarang jalurnya dikuasai sama mobile hartop sama Jeep, kami yang pakai mobil pribadi Ndak bisa sampai lokasi parkir terakhir. Buat pemerintah atau siapa saja yang berkepentingan mohon kerjasamanya, kami ingin kenyamanan dilokasi bukan kerumitan diperjalanan...",negatif
Fiki Ahmad Khoeruman,15/06/2022,Sebagian Anugrah Alloh yg terindah,positif
Intan Nirmala Dewi,15/06/2022,"Tempatnya sangat Indah,  apalagi saat menanti sunrisenya, ğŸ¤©ğŸ˜ğŸ˜ see u next time bromo â€¦",positif
Kahfi Supriyadi,15/06/2022,Ok bisa d arahkan,positif
ROMA ULI,15/06/2022,Sungguh indah....ğŸ˜ğŸ˜ğŸ˜ â€¦,positif
Rika Imam Fauzi,15/06/2022,Panas banyak sampah,negatif
rengga trianto,15/06/2022,Pengalaman yg menakjubkan dan tak terlupakan di Bromo. Pemandangan yang begitu memukau mata,positif
Muhammad Fawwaaz Fathiin Hidayat,15/06/2022,Baru mau ke sana,positif
Guruh Kartiko Hadi,15/06/2022,Super sekali.....ğŸ‘ â€¦,positif
Aretha Neelam,15/06/2022,"indah bangeeet, liburan yg seruuu",positif
Bumi Rahmatussyifa,15/06/2022,wajib kesini ga perlu mikir 2kaliğŸ‘ğŸ»ğŸ‘ğŸ»ğŸ‘ğŸ» â€¦,positif
Afga Ivangga,15/06/2022,Bahagia,positif
Leo Wiliyana,15/06/2022,Sangat bagus dan indah,positif
Waskara Waskara,15/06/2022,Karunia Tuhan yg begitu indah,positif
Sea BomBlue,15/06/2022,Tempat menakjubkan di mana alam memiliki yang terbaik. Untuk mengunjungi benar-benar.,positif
Tri Tofawan,15/06/2022,Keren,positif
Zaenal Mustakim,15/06/2022,Lukisan Alam,positif
Ariff Hidayatullah,15/06/2022,Gunung yg sangat indah,positif
Iva Kurniawati,15/06/2022,Amazing.... subhanallah....indah sekaliğŸ‘ğŸ‘ğŸ’¯ â€¦,positif
Satrio Liud,15/06/2022,"Tempat healing dengan pemandangan menarik.,dan spot spot healing yg banyak.",positif
Wulan Dian,16/05/2022,Bromo... gunung yg sangat cantik dan indah. Pemandangannya luar biasa kerreeen. Terimakasih Tuhan buat ciptaanMUğŸ˜ğŸ˜˜ğŸ‘¼ğŸ™ â€¦,positif
Sri Ayu Lestari,16/05/2022,Tempat yang sangat indah untuk berwisata dan penduduknya jg sangat ramah,positif
Dhie Haryadi,16/05/2022,"MashaaAllah,,, ini yang ke 3 kalinya dan masih pengen kesini lagi",positif
Andrie Nov,16/05/2022,"Bagus bgt pemandangan, adem seger . Keren mantap pokoknya ğŸ‘ â€¦",positif
erik setiawan,16/05/2022,Seger guys pemandangannya bagus buat untuk foto,positif
Dian Novita,16/05/2022,"Keren.
Padang pasir dan pegunungan yg ok.
Langit dan awan yg menyatu.
Top banget lah buat yg suka touring",positif
Kang Review,16/05/2022,Selalu ngangenin,positif
Iwan Kurniawan,16/05/2022,"Salah satu spot area Bromo ( Pura Luhur dan Kawah Bromo ). Salah satu anugerah alam yang sangat indah dari sang pencipta..Menuju ke sini bisa sewa jeep, bawa kendaraan pribadi ( Motor atau Mobil ). Ada parkiran kok..Yang mau sewa kuda jg â€¦",positif
Nanang akhmad,16/05/2022,Seperti gunung berapi pada umumnya. Hanya saja kalau mau mendaki ke puncak tidak terlalu jauh karena utk ke area gunung bromo kita bisa naik Jeep kemudian berganti dengan kuda sampai di dekat anak tangga yg menuju puncak gunung bromo. â€¦,positif
Herlangga Hadiwijaya,16/05/2022,"Luar biasa, tidak dapat di sampaikan kata kata rasa kepuasan hati saat Healing di gunung bromo .",positif
FJ Saputra,16/05/2022,"kawasan wisata yang berada di Jawa Timur

-FJ Saputra-",positif
Febrianto Nofan,16/05/2022,"Bahagia tidak harus mewah.
Indonesia surga. â€¦",positif
hari solo,16/05/2022,"Untuk plat luar kota mendingan jangan kesini, semuanya di buat mahal .. wisatanya juga cuman itu doang",negatif
Fatimah Putri Utami,16/05/2022,"Masya Allah sungguh indah Kawah Gunung bromo ciptaan Allah...
Kesini bawalah jaket tebal, masker dan kacamata (banyak pasir berbisik berterbangan), sarung tangan, dan Kamera yang bagus...",positif
Harki Tunas,16/05/2022,So amazing dengan karya Tuhan. Begitu indah begitu mempesona. Enjoy BTS (Bromo Tengger Semeru).,positif
Ciprut Peseg,16/05/2022,Senang syekaliii,positif
LD Mardani,16/05/2022,Viewnya bener-bener bagus banget alhamdulillah masih bisa liat sunset yg begitu indah di alam gn. Bromo...terakhir kali ketempat ini tahun 2019.,positif
Syakur Tombo,16/05/2022,pemandangan samgat indah,positif
Kusumo Wardoyo Cahyo Nugroho,16/05/2022,"Dari parkiran menuju puncak bromo perlu usaha keras jika berjalan kaki, tapi setelah sampai puncak lelah terbayarkan.
Jika gak mau capek bisa sewa kuda. â€¦",positif
Dwi supriyanto,16/05/2022,"Keagungan alloh yang maha besar suasananya kaya disyurga dunia masya alloh,alhamdulillah aku bisa berwisata alam digunung bromo.ğŸ¤²ğŸ¤² â€¦",positif
Totok Sumariyanto,16/05/2022,Bersama PIF(PAJERO INDONESIA FAMILY)..gass polll BROMO,positif
Rudy Hartoko,16/05/2022,"Menunggu Sun Rise
Di Bukit Cinta..Bromo",positif
Abdul ajis Ajis,16/05/2022,Jelek,negatif
Dwi Wisoeda,16/05/2022,"Luar biasa, never end journey",positif
Yohanes Sugianto,16/05/2022,"Waduh lihat banyak nya bintang 1 dan banyak nya biaya , koq takut mau berkunjung ke bromo",negatif
Ratna Dewi,16/05/2022,Subhanallah indah nya ciptaan Allah SWT,positif
muhamad mulyadi,16/05/2022,Tempat nya dingin bagett,negatif
Sabrang Lor,16/05/2022,Sangat indah sekali pemandangannya saat di lihat dari ketinggian,positif
Dinda Zuhroh,16/05/2022,MasyaAllah sungguh indah ciptaan Tuha â€¦,positif